<?xml version="1.0" encoding="UTF-8"?>
<project-private xmlns="http://www.netbeans.org/ns/project-private/1">
    <editor-bookmarks xmlns="http://www.netbeans.org/ns/editor-bookmarks/2" lastBookmarkId="0"/>
    <open-files xmlns="http://www.netbeans.org/ns/projectui-open-files/2">
        <group>
            <file>file:/C:/wamp64/www/DMSgsmb/app/Views/Registrar_view.php</file>
            <file>file:/C:/wamp64/www/DMSgsmb/app/Views/widgets/left_sidebar.php</file>
            <file>file:/C:/wamp64/www/DMSgsmb/app/Models/DocumentsModel.php</file>
            <file>file:/C:/wamp64/www/DMSgsmb/app/Controllers/VehicleReservation.php</file>
            <file>file:/C:/wamp64/www/DMSgsmb/app/Controllers/LeaveApply.php</file>
            <file>file:/C:/wamp64/www/DMSgsmb/app/Controllers/Users.php</file>
            <file>file:/C:/wamp64/www/DMSgsmb/app/Controllers/Documents.php</file>
            <file>file:/C:/wamp64/www/DMSgsmb/app/Controllers/Registration.php</file>
            <file>file:/C:/wamp64/www/DMSgsmb/app/Views/Doc_LocationQuery_view.php</file>
            <file>file:/C:/wamp64/www/DMSgsmb/app/Views/partials/slider.php</file>
            <file>file:/C:/wamp64/www/DMSgsmb/app/Views/MineraSummery_View.php</file>
            <file>file:/C:/wamp64/www/DMSgsmb/app/Views/ReportQuery_view.php</file>
            <file>file:/C:/wamp64/www/DMSgsmb/app/Models/ApprovalModel.php</file>
            <file>file:/C:/wamp64/www/DMSgsmb/app/Views/ReportMinQuery_view.php</file>
            <file>file:/C:/wamp64/www/DMSgsmb/app/Views/Layout/Base.php</file>
            <file>file:/C:/wamp64/www/DMSgsmb/app/Views/Doc_pending_display.php</file>
            <file>file:/C:/wamp64/www/DMSgsmb/app/Views/Doc_approval_display.php</file>
            <file>file:/C:/wamp64/www/DMSgsmb/app/Controllers/chartclass.php</file>
            <file>file:/C:/wamp64/www/DMSgsmb/app/Controllers/Login.php</file>
            <file>file:/C:/wamp64/www/DMSgsmb/app/Controllers/Report_new.php</file>
            <file>file:/C:/wamp64/www/DMSgsmb/app/Views/partials/services.php</file>
            <file>file:/C:/wamp64/www/DMSgsmb/app/Controllers/Vehicles.php</file>
            <file>file:/C:/wamp64/www/DMSgsmb/app/Views/partials/features.php</file>
            <file>file:/C:/wamp64/www/DMSgsmb/app/Views/Dashboard_view.php</file>
            <file>file:/C:/wamp64/www/DMSgsmb/app/Models/DashboardModel.php</file>
            <file>file:/C:/wamp64/www/DMSgsmb/app/Controllers/Dashboard.php</file>
        </group>
    </open-files>
</project-private>
